{
  "package": {
    "dependencies": {
      "@babel/plugin-proposal-private-property-in-object": "^7.21.11",
      "@reduxjs/toolkit": "^2.0.1",
      "@testing-library/jest-dom": "^6.2.0",
      "@testing-library/react": "^14.1.2",
      "@testing-library/user-event": "^14.5.2",
      "eslint": "^8.56.0",
      "eslint-config-prettier": "^9.1.0",
      "prettier": "^3.2.1",
      "react-redux": "^9.1.0",
      "web-vitals": "^3.5.1"
    },
    "scripts": {
      "format": "prettier --write .",
      "lint": "eslint .",
      "lint:fix": "eslint --fix ."
    }
  }
}